{
  "1": 0.668331126566045,
  "3": 0.7016447831410915,
  "5": 0.6541617681505159,
  "7": 0.6159038386540487
}